insert into Owners (owner_id, first_name, last_name, email, phone_number, address) values (1, 'Brittni', 'Waldron', 'bwaldron0@discuz.net', '+351 786 762 0693', '12th Floor');
insert into Owners (owner_id, first_name, last_name, email, phone_number, address) values (2, 'Alyce', 'Vanichkov', 'avanichkov1@ft.com', '+380 573 502 6646', 'Room 1050');
insert into Owners (owner_id, first_name, last_name, email, phone_number, address) values (3, 'Brnaba', 'Dymidowicz', 'bdymidowicz2@skype.com', '+998 776 924 6696', 'Apt 551');
insert into Owners (owner_id, first_name, last_name, email, phone_number, address) values (4, 'May', 'Yurin', 'myurin3@fotki.com', '+62 490 137 8699', 'Suite 98');
insert into Owners (owner_id, first_name, last_name, email, phone_number, address) values (5, 'Uriah', 'Fyfield', 'ufyfield4@msu.edu', '+62 129 949 7045', 'Room 551');
insert into Owners (owner_id, first_name, last_name, email, phone_number, address) values (6, 'Manny', 'Horwell', 'mhorwell5@spotify.com', '+994 431 234 4444', 'Suite 30');
insert into Owners (owner_id, first_name, last_name, email, phone_number, address) values (7, 'Isacco', 'Filochov', 'ifilochov6@uiuc.edu', '+251 693 809 3146', 'Apt 184');
insert into Owners (owner_id, first_name, last_name, email, phone_number, address) values (8, 'Niki', 'Kenen', 'nkenen7@msu.edu', '+63 382 472 5947', 'Room 1683');
insert into Owners (owner_id, first_name, last_name, email, phone_number, address) values (9, 'Vittorio', 'Sandland', 'vsandland8@blog.com', '+970 455 782 9424', 'Room 24');
insert into Owners (owner_id, first_name, last_name, email, phone_number, address) values (10, 'Jill', 'Pau', 'jpau9@abc.net.au', '+48 493 241 5436', 'Apt 1989');
insert into Owners (owner_id, first_name, last_name, email, phone_number, address) values (11, 'Hersch', 'Kay', 'hkaya@wikispaces.com', '+46 999 567 3184', '18th Floor');
insert into Owners (owner_id, first_name, last_name, email, phone_number, address) values (12, 'Morry', 'Mourbey', 'mmourbeyb@usda.gov', '+420 735 163 1548', 'Room 1796');
insert into Owners (owner_id, first_name, last_name, email, phone_number, address) values (13, 'Celle', 'Garth', 'cgarthc@soup.io', '+86 786 560 8192', 'Room 833');
insert into Owners (owner_id, first_name, last_name, email, phone_number, address) values (14, 'Lindi', 'Sprulls', 'lsprullsd@europa.eu', '+57 354 556 3528', 'Apt 1750');
insert into Owners (owner_id, first_name, last_name, email, phone_number, address) values (15, 'Gearalt', 'Ackroyd', 'gackroyde@slashdot.org', '+81 538 231 0145', 'Suite 20');
insert into Owners (owner_id, first_name, last_name, email, phone_number, address) values (16, 'Nancy', 'Peirazzi', 'npeirazzif@blogs.com', '+48 701 441 5769', 'Apt 1804');
insert into Owners (owner_id, first_name, last_name, email, phone_number, address) values (17, 'Erastus', 'Wadeson', 'ewadesong@sohu.com', '+54 294 489 9665', 'Apt 1779');
insert into Owners (owner_id, first_name, last_name, email, phone_number, address) values (18, 'Emmye', 'Seaward', 'eseawardh@youku.com', '+86 440 690 7325', '9th Floor');
insert into Owners (owner_id, first_name, last_name, email, phone_number, address) values (19, 'Alberto', 'Volante', 'avolantei@vimeo.com', '+62 626 643 0928', 'Suite 37');
insert into Owners (owner_id, first_name, last_name, email, phone_number, address) values (20, 'Gwenneth', 'Farrey', 'gfarreyj@hud.gov', '+47 774 602 9440', 'Room 101');
insert into Owners (owner_id, first_name, last_name, email, phone_number, address) values (21, 'Oren', 'Garretson', 'ogarretsonk@huffingtonpost.com', '+86 735 376 1271', 'Suite 81');
insert into Owners (owner_id, first_name, last_name, email, phone_number, address) values (22, 'Vincenz', 'Lampl', 'vlampll@sciencedirect.com', '+7 693 576 6158', 'Room 1119');
insert into Owners (owner_id, first_name, last_name, email, phone_number, address) values (23, 'Ilene', 'Moyce', 'imoycem@army.mil', '+86 480 772 5809', 'Apt 1697');
insert into Owners (owner_id, first_name, last_name, email, phone_number, address) values (24, 'Merci', 'Hearnshaw', 'mhearnshawn@pen.io', '+86 278 126 4414', 'PO Box 4233');
insert into Owners (owner_id, first_name, last_name, email, phone_number, address) values (25, 'Claudina', 'Gagen', 'cgageno@friendfeed.com', '+86 487 952 9167', 'Room 870');
insert into Owners (owner_id, first_name, last_name, email, phone_number, address) values (26, 'Sergio', 'Shorbrook', 'sshorbrookp@tiny.cc', '+62 961 555 0956', 'PO Box 46359');
insert into Owners (owner_id, first_name, last_name, email, phone_number, address) values (27, 'Olwen', 'Francesc', 'ofrancescq@yolasite.com', '+55 356 565 0755', '12th Floor');
insert into Owners (owner_id, first_name, last_name, email, phone_number, address) values (28, 'Derry', 'Verrillo', 'dverrillor@nsw.gov.au', '+63 515 490 2156', 'Room 597');
insert into Owners (owner_id, first_name, last_name, email, phone_number, address) values (29, 'Philippine', 'Faustian', 'pfaustians@yellowpages.com', '+57 330 745 8566', '12th Floor');
insert into Owners (owner_id, first_name, last_name, email, phone_number, address) values (30, 'Gav', 'Van''t Hoff', 'gvanthofft@omniture.com', '+86 274 912 3659', 'Suite 64');

insert into Vehicles (vehicle_id, owner_id, make, model, year, vin_number, current_mileage, last_service_date) values (1, 1, 'Chevrolet', 'HHR', 2009, 'WAULH54B71N777503',50000, '10/09/2021');
insert into Vehicles (vehicle_id, owner_id, make, model, year, vin_number, current_mileage, last_service_date) values (2, 2, 'MINI', 'Countryman', 2012, 'WDDEJ7HB5AA603030',50000, '01/12/2021');
insert into Vehicles (vehicle_id, owner_id, make, model, year, vin_number, current_mileage, last_service_date) values (3, 3, 'Chevrolet', 'Astro', 2000, '1GD01ZCG9CF401831',5000, '10/08/2021');
insert into Vehicles (vehicle_id, owner_id, make, model, year, vin_number, current_mileage, last_service_date) values (4, 4, 'Mercedes-Benz', 'CLS-Class', 2008, '1G6AB1RX3F0713958',100000, '03/11/2021');
insert into Vehicles (vehicle_id, owner_id, make, model, year, vin_number, current_mileage, last_service_date) values (5, 5, 'Ford', 'Thunderbird', 1993, 'WBAWR3C57AP096577',100000, '01/27/2021');
insert into Vehicles (vehicle_id, owner_id, make, model, year, vin_number, current_mileage, last_service_date) values (6, 6, 'Lexus', 'RX', 2008, 'WAUYGBFC0DN301546',100000, '05/06/2021');
insert into Vehicles (vehicle_id, owner_id, make, model, year, vin_number, current_mileage, last_service_date) values (7, 7, 'Honda', 'Pilot', 2005, 'WBAEH13426C932465',100000, '01/05/2021');
insert into Vehicles (vehicle_id, owner_id, make, model, year, vin_number, current_mileage, last_service_date) values (8, 8, 'Mazda', 'CX-7', 2008, '1C3BCBEB0DN493293',100000, '05/08/2021');
insert into Vehicles (vehicle_id, owner_id, make, model, year, vin_number, current_mileage, last_service_date) values (9, 9, 'Mitsubishi', 'Tredia', 1987, 'WBAFU7C51CD044114'100000,, '05/26/2021');
insert into Vehicles (vehicle_id, owner_id, make, model, year, vin_number, current_mileage, last_service_date) values (10, 10, 'Buick', 'Electra', 1988, 'JN8AE2KP6D9377000',100000, '09/20/2021');
insert into Vehicles (vehicle_id, owner_id, make, model, year, vin_number, current_mileage, last_service_date) values (11, 11, 'Ford', 'Thunderbird', 1997, 'WDBWK5EA9BF418896',100500, '06/11/2021');
insert into Vehicles (vehicle_id, owner_id, make, model, year, vin_number, current_mileage, last_service_date) values (12, 12, 'Bentley', 'Azure', 2006, '3D7JB1EK4AG757436',100060, '11/27/2021');
insert into Vehicles (vehicle_id, owner_id, make, model, year, vin_number, current_mileage, last_service_date) values (13, 13, 'Buick', 'Electra', 1986, '3G5DA03E33S364861',104000, '06/13/2021');
insert into Vehicles (vehicle_id, owner_id, make, model, year, vin_number, current_mileage, last_service_date) values (14, 14, 'Porsche', 'Cayenne', 2011, '3GYFNAE33DS883475',1000, '07/01/2021');
insert into Vehicles (vehicle_id, owner_id, make, model, year, vin_number, current_mileage, last_service_date) values (15, 15, 'Ford', 'Explorer', 1992, 'JN1CV6EK0AM850882',104000, '02/03/2021');
insert into Vehicles (vehicle_id, owner_id, make, model, year, vin_number, current_mileage, last_service_date) values (16, 16, 'Pontiac', 'GTO', 1966, '1G6DH5EY7B0993993',100340, '10/31/2021');
insert into Vehicles (vehicle_id, owner_id, make, model, year, vin_number, current_mileage, last_service_date) values (17, 17, 'Toyota', 'Supra', 1994, 'KL4CJFSB0DB894050',105400, '03/22/2021');
insert into Vehicles (vehicle_id, owner_id, make, model, year, vin_number, current_mileage, last_service_date) values (18, 18, 'GMC', 'Yukon', 1999, 'WBANB53546C735668',109800, '03/18/2021');
insert into Vehicles (vehicle_id, owner_id, make, model, year, vin_number, current_mileage, last_service_date) values (19, 19, 'Lamborghini', 'Diablo', 1993, 'JN1BY1AP5DM922560',100000, '05/11/2021');
insert into Vehicles (vehicle_id, owner_id, make, model, year, vin_number, current_mileage, last_service_date) values (20, 20, 'GMC', 'Yukon XL 2500', 2000, '1G4HE5EM0AU926675',100000, '09/24/2021');
insert into Vehicles (vehicle_id, owner_id, make, model, year, vin_number, current_mileage, last_service_date) values (21, 21, 'Porsche', 'Boxster', 2008, '5UXZV4C5XD0361151',100000, '10/06/2021');
insert into Vehicles (vehicle_id, owner_id, make, model, year, vin_number, current_mileage, last_service_date) values (22, 22, 'Chevrolet', 'Impala', 2008, 'WAUNF78PX8A230596',100000, '12/15/2021');
insert into Vehicles (vehicle_id, owner_id, make, model, year, vin_number, current_mileage, last_service_date) values (23, 23, 'Ford', 'Aerostar', 1996, 'WP1AE2A26BL577002',20000, '06/19/2021');
insert into Vehicles (vehicle_id, owner_id, make, model, year, vin_number, current_mileage, last_service_date) values (24, 24, 'Land Rover', 'Freelander', 2005, '1G6DC1E31D0605719',100000, '05/06/2021');
insert into Vehicles (vehicle_id, owner_id, make, model, year, vin_number, current_mileage, last_service_date) values (25, 25, 'Mercury', 'Montego', 2005, '5N1AA0NC0AN028725',50000, '02/13/2021');
insert into Vehicles (vehicle_id, owner_id, make, model, year, vin_number, current_mileage, last_service_date) values (26, 26, 'Chevrolet', 'Aveo', 2011, '3VWF17AT2FM767604',40000, '09/23/2021');
insert into Vehicles (vehicle_id, owner_id, make, model, year, vin_number, current_mileage, last_service_date) values (27, 27, 'Ford', 'GT500', 2008, 'WAUWGAFB9AN094062',30000, '10/29/2021');
insert into Vehicles (vehicle_id, owner_id, make, model, year, vin_number, current_mileage, last_service_date) values (28, 28, 'Aston Martin', 'Vantage', 2007, 'WAUVT64B04N968374',70000, '09/03/2021');
insert into Vehicles (vehicle_id, owner_id, make, model, year, vin_number, current_mileage, last_service_date) values (29, 29, 'Toyota', 'Camry Hybrid', 2011, '3VWF17AT2FM276126',60000, '08/14/2021');
insert into Vehicles (vehicle_id, owner_id, make, model, year, vin_number, current_mileage, last_service_date) values (30, 30, 'Mercedes-Benz', 'E-Class', 2011, 'KMHTC6AD3CU472288',90000, '01/07/2021');


insert into Service_Centers (center_id, center_name, location, contact_number, email, services_offered) values (1, 'Cadillac', '19 Grim Park', '+46 289 678 9149', 'dmackereth0@dyndns.org', 'Scheduled Maintenance');
insert into Service_Centers (center_id, center_name, location, contact_number, email, services_offered) values (2, 'Ford', '86066 4th Hill', '+81 452 168 1594', 'fginner1@scientificamerican.com', 'Wheel Alignment');
insert into Service_Centers (center_id, center_name, location, contact_number, email, services_offered) values (3, 'Isuzu', '88746 New Castle Road', '+46 198 229 3725', 'raldrick2@wordpress.com', 'Oil & Filter Change');
insert into Service_Centers (center_id, center_name, location, contact_number, email, services_offered) values (4, 'Land Rover', '4363 Randy Lane', '+51 827 370 5844', 'msinderland3@wired.com', 'Oil & Filter Change');
insert into Service_Centers (center_id, center_name, location, contact_number, email, services_offered) values (5, 'Mercury', '3417 Ridgeview Circle', '+380 494 670 3459', 'askewis4@eventbrite.com', 'Tire Rotation');
insert into Service_Centers (center_id, center_name, location, contact_number, email, services_offered) values (6, 'Mitsubishi', '913 Prentice Center', '+58 786 725 0210', 'lbollini5@wufoo.com', 'Wheel Alignment');
insert into Service_Centers (center_id, center_name, location, contact_number, email, services_offered) values (7, 'Ford', '11954 Darwin Lane', '+81 984 376 8579', 'sconyer6@twitpic.com', 'Wheel Alignment');
insert into Service_Centers (center_id, center_name, location, contact_number, email, services_offered) values (8, 'Isuzu', '9389 Bartelt Place', '+380 320 782 5994', 'gmatterface7@wunderground.com', 'Tire Rotation');
insert into Service_Centers (center_id, center_name, location, contact_number, email, services_offered) values (9, 'Saturn', '597 Carioca Center', '+62 723 624 0778', 'jvedenyakin8@wp.com', 'Oil & Filter Change');
insert into Service_Centers (center_id, center_name, location, contact_number, email, services_offered) values (10, 'Volvo', '801 Becker Terrace', '+62 154 230 5354', 'inutting9@ycombinator.com', 'Tire Rotation');
insert into Service_Centers (center_id, center_name, location, contact_number, email, services_offered) values (11, 'Pontiac', '38 Lotheville Place', '+1 847 554 3105', 'elarwaya@prnewswire.com', 'Wiper Blades Replacement');
insert into Service_Centers (center_id, center_name, location, contact_number, email, services_offered) values (12, 'Suzuki', '07958 Northfield Alley', '+93 449 946 9790', 'cchipperfieldb@free.fr', 'Oil & Filter Change');
insert into Service_Centers (center_id, center_name, location, contact_number, email, services_offered) values (13, 'Saab', '8470 Di Loreto Park', '+48 755 744 7591', 'bbeanyc@archive.org', 'Wheel Alignment');
insert into Service_Centers (center_id, center_name, location, contact_number, email, services_offered) values (14, 'Suzuki', '3 2nd Trail', '+98 154 507 5526', 'gizaksond@nbcnews.com', 'Oil & Filter Change');
insert into Service_Centers (center_id, center_name, location, contact_number, email, services_offered) values (15, 'Buick', '91 Ludington Park', '+291 424 607 1599', 'pgrimwoode@ihg.com', 'Oil & Filter Change');
insert into Service_Centers (center_id, center_name, location, contact_number, email, services_offered) values (16, 'Plymouth', '78 Loftsgordon Drive', '+63 902 133 4401', 'hlitsterf@nydailynews.com', 'Oil & Filter Change');
insert into Service_Centers (center_id, center_name, location, contact_number, email, services_offered) values (17, 'Chevrolet', '9 School Avenue', '+86 399 171 8851', 'vbendleyg@accuweather.com', 'Wiper Blades Replacement');
insert into Service_Centers (center_id, center_name, location, contact_number, email, services_offered) values (18, 'Volkswagen', '7 Hooker Junction', '+86 990 546 3236', 'tgreenanh@netvibes.com', 'Tire Rotation');
insert into Service_Centers (center_id, center_name, location, contact_number, email, services_offered) values (19, 'Lincoln', '8496 Southridge Trail', '+63 570 416 1811', 'hriolfii@newsvine.com', 'Tire Rotation');
insert into Service_Centers (center_id, center_name, location, contact_number, email, services_offered) values (20, 'Toyota', '169 Village Green Park', '+63 146 849 3788', 'cscrivnerj@comcast.net', 'Wiper Blades Replacement');
insert into Service_Centers (center_id, center_name, location, contact_number, email, services_offered) values (21, 'Volkswagen', '4 Summer Ridge Pass', '+86 804 138 5771', 'whembrowk@mapy.cz', 'Tire Rotation');
insert into Service_Centers (center_id, center_name, location, contact_number, email, services_offered) values (22, 'Isuzu', '23 Eastwood Trail', '+46 595 872 2598', 'qinworthl@xinhuanet.com', 'Scheduled Maintenance');
insert into Service_Centers (center_id, center_name, location, contact_number, email, services_offered) values (23, 'Chevrolet', '5 Elmside Pass', '+62 524 443 9609', 'sfardym@hp.com', 'Tire Rotation');
insert into Service_Centers (center_id, center_name, location, contact_number, email, services_offered) values (24, 'Chevrolet', '55 Westend Pass', '+86 757 397 5310', 'ccrusen@smugmug.com', 'Tire Rotation');
insert into Service_Centers (center_id, center_name, location, contact_number, email, services_offered) values (25, 'Volvo', '19 Marquette Parkway', '+856 480 773 8844', 'sraggitto@elegantthemes.com', 'Wiper Blades Replacement');
insert into Service_Centers (center_id, center_name, location, contact_number, email, services_offered) values (26, 'Ford', '16949 John Wall Plaza', '+86 299 681 8592', 'sbyfieldp@privacy.gov.au', 'Oil & Filter Change');
insert into Service_Centers (center_id, center_name, location, contact_number, email, services_offered) values (27, 'Oldsmobile', '6823 6th Court', '+51 934 423 8938', 'hheysq@smugmug.com', 'Scheduled Maintenance');
insert into Service_Centers (center_id, center_name, location, contact_number, email, services_offered) values (28, 'Audi', '48 Farmco Terrace', '+48 766 826 8662', 'cspurrr@msu.edu', 'Oil & Filter Change');
insert into Service_Centers (center_id, center_name, location, contact_number, email, services_offered) values (29, 'Dodge', '4140 Pearson Road', '+98 438 969 0851', 'ckleinhauss@theguardian.com', 'Tire Rotation');
insert into Service_Centers (center_id, center_name, location, contact_number, email, services_offered) values (30, 'Audi', '50 Bunker Hill Place', '+7 867 795 5502', 'wsurplicet@usda.gov', 'Wiper Blades Replacement');

insert into Service_Records (service_id, vehicle_id, center_id, service_date, service_type, cost, service_details) values (1, 1, 1, '08/27/2023', 'Oil & Filter Change', '2.07', 'Repairs');
insert into Service_Records (service_id, vehicle_id, center_id, service_date, service_type, cost, service_details) values (2, 2, 2, '05/21/2023', 'Wheel Alignment', '6.12', 'Maintenance');
insert into Service_Records (service_id, vehicle_id, center_id, service_date, service_type, cost, service_details) values (3, 3, 3, '05/21/2023', 'Tire Rotation', '5.86', 'Maintenance');
insert into Service_Records (service_id, vehicle_id, center_id, service_date, service_type, cost, service_details) values (4, 4, 4, '02/01/2023', 'Scheduled Maintenance', '3.93', 'Maintenance');
insert into Service_Records (service_id, vehicle_id, center_id, service_date, service_type, cost, service_details) values (5, 5, 5, '04/20/2023', 'Wheel Alignment', '9.51', 'Repairs');
insert into Service_Records (service_id, vehicle_id, center_id, service_date, service_type, cost, service_details) values (6, 6, 6, '02/20/2023', 'Scheduled Maintenance', '1.88', 'Maintenance');
insert into Service_Records (service_id, vehicle_id, center_id, service_date, service_type, cost, service_details) values (7, 7, 7, '09/04/2023', 'Wheel Alignment', '0.27', 'Maintenance');
insert into Service_Records (service_id, vehicle_id, center_id, service_date, service_type, cost, service_details) values (8, 8, 8, '12/12/2023', 'Tire Rotation', '6.50', 'Maintenance');
insert into Service_Records (service_id, vehicle_id, center_id, service_date, service_type, cost, service_details) values (9, 9, 9, '02/09/2023', 'Wiper Blades Replacement', '8.12', 'Maintenance');
insert into Service_Records (service_id, vehicle_id, center_id, service_date, service_type, cost, service_details) values (10, 10, 10, '09/12/2023', 'Wiper Blades Replacement', '1.57', 'Repairs');
insert into Service_Records (service_id, vehicle_id, center_id, service_date, service_type, cost, service_details) values (11, 11, 11, '01/29/2023', 'Tire Rotation', '2.38', 'Maintenance');
insert into Service_Records (service_id, vehicle_id, center_id, service_date, service_type, cost, service_details) values (12, 12, 12, '11/19/2023', 'Tire Rotation', '4.17', 'Maintenance');
insert into Service_Records (service_id, vehicle_id, center_id, service_date, service_type, cost, service_details) values (13, 13, 13, '07/26/2023', 'Tire Rotation', '2.17', 'Maintenance');
insert into Service_Records (service_id, vehicle_id, center_id, service_date, service_type, cost, service_details) values (14, 14, 14, '03/03/2023', 'Wiper Blades Replacement', '9.17', 'Repairs');
insert into Service_Records (service_id, vehicle_id, center_id, service_date, service_type, cost, service_details) values (15, 15, 15, '04/05/2023', 'Tire Rotation', '1.75', 'Repairs');
insert into Service_Records (service_id, vehicle_id, center_id, service_date, service_type, cost, service_details) values (16, 16, 16, '08/19/2023', 'Oil & Filter Change', '9.51', 'Maintenance');
insert into Service_Records (service_id, vehicle_id, center_id, service_date, service_type, cost, service_details) values (17, 17, 17, '10/12/2023', 'Wiper Blades Replacement', '0.13', 'Repairs');
insert into Service_Records (service_id, vehicle_id, center_id, service_date, service_type, cost, service_details) values (18, 18, 18, '02/24/2023', 'Scheduled Maintenance', '0.54', 'Maintenance');
insert into Service_Records (service_id, vehicle_id, center_id, service_date, service_type, cost, service_details) values (19, 19, 19, '08/07/2023', 'Wheel Alignment', '0.97', 'Repairs');
insert into Service_Records (service_id, vehicle_id, center_id, service_date, service_type, cost, service_details) values (20, 20, 20, '02/20/2023', 'Oil & Filter Change', '1.37', 'Repairs');
insert into Service_Records (service_id, vehicle_id, center_id, service_date, service_type, cost, service_details) values (21, 21, 21, '02/13/2023', 'Tire Rotation', '4.15', 'Repairs');
insert into Service_Records (service_id, vehicle_id, center_id, service_date, service_type, cost, service_details) values (22, 22, 22, '06/04/2023', 'Wheel Alignment', '7.77', 'Repairs');
insert into Service_Records (service_id, vehicle_id, center_id, service_date, service_type, cost, service_details) values (23, 23, 23, '04/10/2023', 'Tire Rotation', '2.82', 'Maintenance');
insert into Service_Records (service_id, vehicle_id, center_id, service_date, service_type, cost, service_details) values (24, 24, 24, '12/13/2023', 'Oil & Filter Change', '9.24', 'Repairs');
insert into Service_Records (service_id, vehicle_id, center_id, service_date, service_type, cost, service_details) values (25, 25, 25, '05/09/2023', 'Oil & Filter Change', '2.40', 'Repairs');
insert into Service_Records (service_id, vehicle_id, center_id, service_date, service_type, cost, service_details) values (26, 26, 26, '06/08/2023', 'Wheel Alignment', '9.56', 'Repairs');
insert into Service_Records (service_id, vehicle_id, center_id, service_date, service_type, cost, service_details) values (27, 27, 27, '08/31/2023', 'Wiper Blades Replacement', '7.22', 'Repairs');
insert into Service_Records (service_id, vehicle_id, center_id, service_date, service_type, cost, service_details) values (28, 28, 28, '07/19/2023', 'Wheel Alignment', '8.63', 'Maintenance');
insert into Service_Records (service_id, vehicle_id, center_id, service_date, service_type, cost, service_details) values (29, 29, 29, '08/24/2023', 'Oil & Filter Change', '7.51', 'Maintenance');
insert into Service_Records (service_id, vehicle_id, center_id, service_date, service_type, cost, service_details) values (30, 30, 30, '12/01/2023', 'Wheel Alignment', '5.23', 'Repairs');

insert into Maintenance_Alerts (alert_id, vehicle_id, alert_date, alert_type, description, status) values (1, 1, '05/04/2024', 'Social Media', 'Wheel Alignment', 'Resolved');
insert into Maintenance_Alerts (alert_id, vehicle_id, alert_date, alert_type, description, status) values (2, 2, '11/30/2023', 'Email', 'Tire Rotation', 'Resolved');
insert into Maintenance_Alerts (alert_id, vehicle_id, alert_date, alert_type, description, status) values (3, 3, '03/06/2024', 'Social Media', 'Tire Rotation', 'Pending');
insert into Maintenance_Alerts (alert_id, vehicle_id, alert_date, alert_type, description, status) values (4, 4, '07/06/2024', 'Email', 'Scheduled Maintenance', 'Pending');
insert into Maintenance_Alerts (alert_id, vehicle_id, alert_date, alert_type, description, status) values (5, 5, '12/03/2023', 'Social Media', 'Tire Rotation', 'Pending');
insert into Maintenance_Alerts (alert_id, vehicle_id, alert_date, alert_type, description, status) values (6, 6, '01/03/2024', 'SMS', 'Tire Rotation', 'Resolved');
insert into Maintenance_Alerts (alert_id, vehicle_id, alert_date, alert_type, description, status) values (7, 7, '10/03/2023', 'Email', 'Tire Rotation', 'Resolved');
insert into Maintenance_Alerts (alert_id, vehicle_id, alert_date, alert_type, description, status) values (8, 8, '02/27/2024', 'Email', 'Oil & Filter Change', 'Resolved');
insert into Maintenance_Alerts (alert_id, vehicle_id, alert_date, alert_type, description, status) values (9, 9, '03/21/2024', 'SMS', 'Wheel Alignment', 'Pending');
insert into Maintenance_Alerts (alert_id, vehicle_id, alert_date, alert_type, description, status) values (10, 10, '11/12/2023', 'Social Media', 'Scheduled Maintenance', 'Pending');
insert into Maintenance_Alerts (alert_id, vehicle_id, alert_date, alert_type, description, status) values (11, 11, '02/29/2024', 'Email', 'Oil & Filter Change', 'Pending');
insert into Maintenance_Alerts (alert_id, vehicle_id, alert_date, alert_type, description, status) values (12, 12, '09/09/2024', 'Email', 'Wheel Alignment', 'Resolved');
insert into Maintenance_Alerts (alert_id, vehicle_id, alert_date, alert_type, description, status) values (13, 13, '10/23/2023', 'Social Media', 'Scheduled Maintenance', 'Resolved');
insert into Maintenance_Alerts (alert_id, vehicle_id, alert_date, alert_type, description, status) values (14, 14, '10/04/2023', 'SMS', 'Oil & Filter Change', 'Pending');
insert into Maintenance_Alerts (alert_id, vehicle_id, alert_date, alert_type, description, status) values (15, 15, '10/02/2023', 'Email', 'Wheel Alignment', 'Resolved');
insert into Maintenance_Alerts (alert_id, vehicle_id, alert_date, alert_type, description, status) values (16, 16, '07/31/2024', 'Social Media', 'Wiper Blades Replacement', 'Resolved');
insert into Maintenance_Alerts (alert_id, vehicle_id, alert_date, alert_type, description, status) values (17, 17, '10/27/2023', 'SMS', 'Scheduled Maintenance', 'Pending');
insert into Maintenance_Alerts (alert_id, vehicle_id, alert_date, alert_type, description, status) values (18, 18, '11/11/2023', 'Email', 'Tire Rotation', 'Resolved');
insert into Maintenance_Alerts (alert_id, vehicle_id, alert_date, alert_type, description, status) values (19, 19, '08/14/2024', 'SMS', 'Scheduled Maintenance', 'Resolved');
insert into Maintenance_Alerts (alert_id, vehicle_id, alert_date, alert_type, description, status) values (20, 20, '07/22/2024', 'SMS', 'Wiper Blades Replacement', 'Pending');
insert into Maintenance_Alerts (alert_id, vehicle_id, alert_date, alert_type, description, status) values (21, 21, '08/07/2024', 'SMS', 'Scheduled Maintenance', 'Resolved');
insert into Maintenance_Alerts (alert_id, vehicle_id, alert_date, alert_type, description, status) values (22, 22, '04/10/2024', 'Social Media', 'Oil & Filter Change', 'Pending');
insert into Maintenance_Alerts (alert_id, vehicle_id, alert_date, alert_type, description, status) values (23, 23, '02/04/2024', 'Social Media', 'Wheel Alignment', 'Pending');
insert into Maintenance_Alerts (alert_id, vehicle_id, alert_date, alert_type, description, status) values (24, 24, '04/08/2024', 'SMS', 'Scheduled Maintenance', 'Pending');
insert into Maintenance_Alerts (alert_id, vehicle_id, alert_date, alert_type, description, status) values (25, 25, '10/23/2023', 'Social Media', 'Tire Rotation', 'Resolved');
insert into Maintenance_Alerts (alert_id, vehicle_id, alert_date, alert_type, description, status) values (26, 26, '05/27/2024', 'SMS', 'Oil & Filter Change', 'Pending');
insert into Maintenance_Alerts (alert_id, vehicle_id, alert_date, alert_type, description, status) values (27, 27, '11/25/2023', 'SMS', 'Scheduled Maintenance', 'Pending');
insert into Maintenance_Alerts (alert_id, vehicle_id, alert_date, alert_type, description, status) values (28, 28, '12/11/2023', 'SMS', 'Scheduled Maintenance', 'Resolved');
insert into Maintenance_Alerts (alert_id, vehicle_id, alert_date, alert_type, description, status) values (29, 29, '08/25/2024', 'Social Media', 'Oil & Filter Change', 'Pending');
insert into Maintenance_Alerts (alert_id, vehicle_id, alert_date, alert_type, description, status) values (30, 30, '03/18/2024', 'SMS', 'Oil & Filter Change', 'Resolved');